{
    "p": {
        "min": 4.0519999651158525,
        "max": 6.644000025919119,
        "mean": 5.2459662547168415,
        "std": 0.23874025387446404
    },
    "e": {
        "min": 0.0010000220059837028,
        "max": 6.644000025919119,
        "mean": 0.5443512401439915,
        "std": 0.37727187644034943
    },
    "d": {
        "min": 0.0,
        "max": 4.300000190734863,
        "mean": 0.06675896327514481,
        "std": 0.0649609312187351
    }
}