{
    "p": {
        "min": 57.51236482474955,
        "max": 768.161521831313,
        "mean": 195.29063611962493,
        "std": 47.74770652383254
    },
    "e": {
        "min": 0.0010000220059837028,
        "max": 768.161521831313,
        "mean": 0.5443512401439915,
        "std": 0.37727187644034943
    },
    "d": {
        "min": 0.0,
        "max": 371.0,
        "mean": 5.759121252051116,
        "std": 5.6100497126005315
    }
}