{
    "spk 0": {
        "energy": {
            "max": 3.34,
            "mean": 0.544351240132109,
            "min": 0.001,
            "std": 0.3772718764284442
        },
        "pitch": {
            "max": 6.644,
            "mean": 5.245966254782385,
            "min": 4.052,
            "std": 0.23874025392490478
        }
    },
    "symbols": {
        " ": {
            "dur_max": 4.3,
            "dur_mean": 0.00784778151508248,
            "dur_min": 0.0,
            "dur_std": 0.05450592883311206
        },
        "!": {
            "dur_max": 0.0,
            "dur_mean": 0.0,
            "dur_min": 0.0,
            "dur_std": 0.0
        },
        ",": {
            "dur_max": 1.5200000000000005,
            "dur_mean": 0.16087323943661974,
            "dur_min": 0.0,
            "dur_std": 0.23441168731333561
        },
        ".": {
            "dur_max": 1.7300000000000004,
            "dur_mean": 0.008156860769695748,
            "dur_min": 0.0,
            "dur_std": 0.08217532217907574
        },
        "?": {
            "dur_max": 0.0,
            "dur_mean": 0.0,
            "dur_min": 0.0,
            "dur_std": 0.0
        },
        "AA0": {
            "dur_max": 0.31000000000000005,
            "dur_mean": 0.10228365384615384,
            "dur_min": 0.02999999999999936,
            "dur_std": 0.04172743888474559
        },
        "AA1": {
            "dur_max": 1.02,
            "dur_mean": 0.1049425717852684,
            "dur_min": 0.02999999999999936,
            "dur_std": 0.04568882371119344
        },
        "AA2": {
            "dur_max": 0.2599999999999998,
            "dur_mean": 0.0836,
            "dur_min": 0.02999999999999936,
            "dur_std": 0.027506457739798207
        },
        "AE0": {
            "dur_max": 0.19000000000000017,
            "dur_mean": 0.10647359454855194,
            "dur_min": 0.02999999999999936,
            "dur_std": 0.03357212330026835
        },
        "AE1": {
            "dur_max": 0.56,
            "dur_mean": 0.09755132667071108,
            "dur_min": 0.02999999999999936,
            "dur_std": 0.04802957066008039
        },
        "AE2": {
            "dur_max": 0.25,
            "dur_mean": 0.10498823529411766,
            "dur_min": 0.02999999999999936,
            "dur_std": 0.030506506198108376
        },
        "AH0": {
            "dur_max": 0.41000000000000003,
            "dur_mean": 0.05314120248499526,
            "dur_min": 0.02999999999999936,
            "dur_std": 0.019796404086845593
        },
        "AH1": {
            "dur_max": 0.43999999999999995,
            "dur_mean": 0.07657653328673772,
            "dur_min": 0.02999999999999936,
            "dur_std": 0.03238873810725568
        },
        "AH2": {
            "dur_max": 0.15000000000000002,
            "dur_mean": 0.07176348547717842,
            "dur_min": 0.02999999999999936,
            "dur_std": 0.022481021841503794
        },
        "AO0": {
            "dur_max": 0.25999999999999995,
            "dur_mean": 0.07649253731343286,
            "dur_min": 0.02999999999999936,
            "dur_std": 0.03750139226642457
        },
        "AO1": {
            "dur_max": 0.5299999999999998,
            "dur_mean": 0.10662063134160092,
            "dur_min": 0.02999999999999936,
            "dur_std": 0.055272159900168705
        },
        "AO2": {
            "dur_max": 0.3699999999999992,
            "dur_mean": 0.08208609271523179,
            "dur_min": 0.02999999999999936,
            "dur_std": 0.0454770796498065
        },
        "AW0": {
            "dur_max": 0.21999999999999975,
            "dur_mean": 0.1325,
            "dur_min": 0.06000000000000005,
            "dur_std": 0.03788689307223105
        },
        "AW1": {
            "dur_max": 0.75,
            "dur_mean": 0.15857185800171772,
            "dur_min": 0.02999999999999936,
            "dur_std": 0.06421266692973361
        },
        "AW2": {
            "dur_max": 0.45999999999999996,
            "dur_mean": 0.13061032863849764,
            "dur_min": 0.06,
            "dur_std": 0.04284049778103353
        },
        "AY0": {
            "dur_max": 0.28,
            "dur_mean": 0.13750684931506849,
            "dur_min": 0.029999999999999805,
            "dur_std": 0.04575189891640286
        },
        "AY1": {
            "dur_max": 0.66,
            "dur_mean": 0.13812853939416975,
            "dur_min": 0.02999999999999936,
            "dur_std": 0.05971103731206662
        },
        "AY2": {
            "dur_max": 0.3100000000000005,
            "dur_mean": 0.13739013452914797,
            "dur_min": 0.029999999999999805,
            "dur_std": 0.043467479638007046
        },
        "B": {
            "dur_max": 0.38,
            "dur_mean": 0.0680377933010926,
            "dur_min": 0.02999999999999936,
            "dur_std": 0.02572347063905522
        },
        "CH": {
            "dur_max": 0.37999999999999995,
            "dur_mean": 0.12440896440603487,
            "dur_min": 0.029999999999999805,
            "dur_std": 0.03782634023704226
        },
        "D": {
            "dur_max": 0.3799999999999999,
            "dur_mean": 0.06277083131557708,
            "dur_min": 0.02999999999999936,
            "dur_std": 0.023378097781616015
        },
        "DH": {
            "dur_max": 0.23,
            "dur_mean": 0.052243438387571436,
            "dur_min": 0.02999999999999936,
            "dur_std": 0.018659633373783284
        },
        "EH0": {
            "dur_max": 0.16000000000000014,
            "dur_mean": 0.062497136311569314,
            "dur_min": 0.02999999999999936,
            "dur_std": 0.022993505802638446
        },
        "EH1": {
            "dur_max": 0.75,
            "dur_mean": 0.08178474004051317,
            "dur_min": 0.02999999999999936,
            "dur_std": 0.03669244196262906
        },
        "EH2": {
            "dur_max": 0.22000000000000064,
            "dur_mean": 0.06715181058495821,
            "dur_min": 0.02999999999999936,
            "dur_std": 0.023544702124141212
        },
        "ER0": {
            "dur_max": 0.4099999999999999,
            "dur_mean": 0.08397598090407281,
            "dur_min": 0.027000000000000135,
            "dur_std": 0.038797839637970906
        },
        "ER1": {
            "dur_max": 0.5299999999999994,
            "dur_mean": 0.13353824362606231,
            "dur_min": 0.02999999999999936,
            "dur_std": 0.05740889404376946
        },
        "ER2": {
            "dur_max": 0.1999999999999993,
            "dur_mean": 0.0864117647058823,
            "dur_min": 0.0349999999999997,
            "dur_std": 0.02791385661286271
        },
        "EY0": {
            "dur_max": 0.2899999999999996,
            "dur_mean": 0.10216216216216215,
            "dur_min": 0.030000000000000027,
            "dur_std": 0.046244656967348745
        },
        "EY1": {
            "dur_max": 0.6399999999999997,
            "dur_mean": 0.12861570397111913,
            "dur_min": 0.02999999999999936,
            "dur_std": 0.057021587157859925
        },
        "EY2": {
            "dur_max": 0.3600000000000003,
            "dur_mean": 0.09405850091407679,
            "dur_min": 0.02999999999999936,
            "dur_std": 0.037482235352760934
        },
        "F": {
            "dur_max": 0.3999999999999999,
            "dur_mean": 0.09941107117812062,
            "dur_min": 0.02999999999999936,
            "dur_std": 0.03766248782648788
        },
        "G": {
            "dur_max": 0.39,
            "dur_mean": 0.08135572504155666,
            "dur_min": 0.02999999999999936,
            "dur_std": 0.02806533165214641
        },
        "HH": {
            "dur_max": 0.4800000000000004,
            "dur_mean": 0.07116448415126667,
            "dur_min": 0.02999999999999936,
            "dur_std": 0.02906325196063013
        },
        "IH0": {
            "dur_max": 0.5700000000000003,