{
    "p": {
        "min": 0,
        "max": 746.0495616759168,
        "mean": 196.76025206151675,
        "std": 47.631851347325224
    },
    "e": {
        "min": 5.24914817390254e-07,
        "max": 305.18010821163045,
        "mean": 51.43988901345133,
        "std": 37.91377736601564
    },
    "d": {
        "min": 0,
        "max": 415.0,
        "mean": 8.380461661172689,
        "std": 4.380277690400469
    }
}