{
    "pitch": [
        -4.130854596155979,
        11.531974804192563,
        196.76025206151675,
        47.631851347325224
    ],
    "energy": [
        -1.356759786605835,
        6.692559719085693,
        51.43988901345133,
        37.91377736601564
    ]
}